<?xml version="1.0" encoding="UTF-8"?>
<!-- 被2011 rel. 2 sp1 (seven) 使用XMLSpy vIBM编辑的 (http://www.altova.com) by -->
<!--
enemyID： 怪物表
bulletID:怪物子弹 表  0代表 无子弹攻击
camType:摄像机类型，1正常。2暂停。3上下颤抖 4 跟随怪物动作。屏幕位置相对固定。
moveType:移动类型，怪物运动轨迹

-->
<Config>
	<mission id="1" enemyId="100003" bulletID="5" camType="1" moveType="1" moveSpeed="120" actType="102" entryX="1280" entryY="400" angle="270" position="1330"/>
	<mission id="2" enemyId="100003" bulletID="5" camType="1" moveType="6" moveSpeed="300" actType="102" entryX="0" entryY="0" angle="0" position="1792"/>
	<mission id="3" enemyId="100003" bulletID="5" camType="1" moveType="7" moveSpeed="80" actType="102" entryX="0" entryY="0" angle="0" position="1959"/>
	<mission id="4" enemyId="100008" bulletID="3" camType="1" moveType="1" moveSpeed="-1" actType="106" entryX="1280" entryY="591" angle="270" position="2222"/>
	<mission id="5" enemyId="100004" bulletID="7" camType="1" moveType="8" moveSpeed="70" actType="102" entryX="0" entryY="0" angle="0" position="2460"/>
	<mission id="6" enemyId="100004" bulletID="7" camType="1" moveType="8" moveSpeed="70" actType="102" entryX="0" entryY="0" angle="0" position="2540"/>
	<mission id="7" enemyId="100004" bulletID="7" camType="1" moveType="8" moveSpeed="70" actType="102" entryX="0" entryY="0" angle="0" position="2620"/>
	<mission id="8" enemyId="100004" bulletID="7" camType="1" moveType="8" moveSpeed="70" actType="102" entryX="0" entryY="0" angle="0" position="2700"/>
	<mission id="9" enemyId="100004" bulletID="7" camType="1" moveType="8" moveSpeed="70" actType="102" entryX="0" entryY="0" angle="0" position="2780"/>
	<mission id="10" enemyId="100004" bulletID="7" camType="1" moveType="8" moveSpeed="70" actType="102" entryX="0" entryY="0" angle="0" position="2860"/>
	<mission id="11" enemyId="100004" bulletID="7" camType="1" moveType="8" moveSpeed="70" actType="102" entryX="0" entryY="0" angle="0" position="2940"/>
	<mission id="12" enemyId="100005" bulletID="5" camType="1" moveType="3" moveSpeed="130" actType="102" entryX="1280" entryY="329" angle="0" position="2571"/>
	<mission id="13" enemyId="100006" bulletID="8" camType="1" moveType="1" moveSpeed="-1" actType="105" entryX="1280" entryY="676" angle="270" position="2700"/>
	<mission id="14" enemyId="100005" bulletID="5" camType="1" moveType="2" moveSpeed="130" actType="102" entryX="0" entryY="78" angle="0" position="2888"/>
	<mission id="15" enemyId="100006" bulletID="8" camType="1" moveType="1" moveSpeed="-1" actType="105" entryX="1280" entryY="676" angle="270" position="2946"/>
	<mission id="16" enemyId="100005" bulletID="5" camType="1" moveType="2" moveSpeed="150" actType="102" entryX="1280" entryY="466" angle="0" position="2960"/>
	<mission id="17" enemyId="100005" bulletID="5" camType="1" moveType="2" moveSpeed="100" actType="102" entryX="1280" entryY="293" angle="0" position="3250"/>
	<mission id="18" enemyId="100003" bulletID="5" camType="1" moveType="11" moveSpeed="120" actType="102" entryX="0" entryY="0" angle="0" position="3391"/>
	<mission id="19" enemyId="100003" bulletID="5" camType="1" moveType="11" moveSpeed="120" actType="102" entryX="0" entryY="0" angle="0" position="3481"/>
	<mission id="20" enemyId="100003" bulletID="5" camType="1" moveType="11" moveSpeed="120" actType="102" entryX="0" entryY="0" angle="0" position="3571"/>
	<mission id="21" enemyId="100003" bulletID="5" camType="1" moveType="11" moveSpeed="120" actType="102" entryX="0" entryY="0" angle="0" position="3661"/>
	<mission id="22" enemyId="100003" bulletID="5" camType="1" moveType="11" moveSpeed="120" actType="102" entryX="0" entryY="0" angle="0" position="3751"/>
	<mission id="23" enemyId="100003" bulletID="5" camType="1" moveType="10" moveSpeed="120" actType="102" entryX="0" entryY="0" angle="0" position="3525"/>
	<mission id="24" enemyId="100003" bulletID="5" camType="1" moveType="10" moveSpeed="120" actType="102" entryX="0" entryY="0" angle="0" position="3615"/>
	<mission id="25" enemyId="100003" bulletID="5" camType="1" moveType="10" moveSpeed="120" actType="102" entryX="0" entryY="0" angle="0" position="3705"/>
	<mission id="26" enemyId="100003" bulletID="5" camType="1" moveType="10" moveSpeed="120" actType="102" entryX="0" entryY="0" angle="0" position="3795"/>
	<mission id="27" enemyId="100003" bulletID="5" camType="1" moveType="10" moveSpeed="120" actType="102" entryX="0" entryY="0" angle="0" position="3885"/>
	<mission id="28" enemyId="100009" bulletID="3" camType="1" moveType="1" moveSpeed="200" actType="102" entryX="1280" entryY="530" angle="270" position="3950"/>
	<mission id="29" enemyId="100009" bulletID="3" camType="1" moveType="1" moveSpeed="200" actType="102" entryX="1280" entryY="187" angle="270" position="4200"/>
	<mission id="30" enemyId="100009" bulletID="3" camType="1" moveType="1" moveSpeed="200" actType="102" entryX="1280" entryY="517" angle="270" position="4450"/>
	<mission id="31" enemyId="100003" bulletID="5" camType="1" moveType="12" moveSpeed="250" actType="102" entryX="0" entryY="0" angle="0" position="4500"/>
	<mission id="32" enemyId="100003" bulletID="5" camType="1" moveType="12" moveSpeed="250" actType="102" entryX="0" entryY="0" angle="0" position="4575"/>
	<mission id="33" enemyId="100003" bulletID="5" camType="1" moveType="12" moveSpeed="250" actType="102" entryX="0" entryY="0" angle="0" position="4650"/>
	<mission id="34" enemyId="100003" bulletID="5" camType="1" moveType="12" moveSpeed="250" actType="102" entryX="0" entryY="0" angle="0" position="4725"/>
	<mission id="35" enemyId="100003" bulletID="5" camType="1" moveType="12" moveSpeed="250" actType="102" entryX="0" entryY="0" angle="0" position="4800"/>
	<mission id="36" enemyId="100003" bulletID="5" camType="1" moveType="12" moveSpeed="250" actType="102" entryX="0" entryY="0" angle="0" position="4875"/>
	<mission id="37" enemyId="100003" bulletID="5" camType="1" moveType="12" moveSpeed="250" actType="102" entryX="0" entryY="0" angle="0" position="4950"/>
	<mission id="38" enemyId="100003" bulletID="5" camType="1" moveType="12" moveSpeed="250" actType="102" entryX="0" entryY="0" angle="0" position="5025"/>
	<mission id="39" enemyId="100003" bulletID="5" camType="1" moveType="12" moveSpeed="250" actType="102" entryX="0" entryY="0" angle="0" position="5100"/>
	<mission id="40" enemyId="100008" bulletID="3" camType="1" moveType="1" moveSpeed="-1" actType="106" entryX="1280" entryY="573" angle="270" position="5134"/>
	<mission id="41" enemyId="100004" bulletID="7" camType="1" moveType="18" moveSpeed="1200" actType="104" entryX="0" entryY="0" angle="0" position="5139"/>
	<mission id="42" enemyId="100008" bulletID="3" camType="1" moveType="1" moveSpeed="-1" actType="106" entryX="1280" entryY="672" angle="270" position="5402"/>
	<mission id="43" enemyId="100004" bulletID="7" camType="1" moveType="2" moveSpeed="120" actType="104" entryX="800" entryY="0" angle="0" position="5855"/>
	<mission id="44" enemyId="100005" bulletID="5" camType="1" moveType="17" moveSpeed="100" actType="102" entryX="0" entryY="0" angle="0" position="5755"/>
	<mission id="45" enemyId="100005" bulletID="5" camType="1" moveType="18" moveSpeed="100" actType="102" entryX="0" entryY="0" angle="0" position="5755"/>
	<mission id="46" enemyId="100005" bulletID="5" camType="1" moveType="17" moveSpeed="100" actType="102" entryX="0" entryY="0" angle="0" position="5955"/>
	<mission id="47" enemyId="100005" bulletID="5" camType="1" moveType="18" moveSpeed="100" actType="102" entryX="0" entryY="0" angle="0" position="5955"/>
	<mission id="48" enemyId="100005" bulletID="5" camType="1" moveType="17" moveSpeed="100" actType="102" entryX="0" entryY="0" angle="0" position="6155"/>
	<mission id="49" enemyId="100005" bulletID="5" camType="1" moveType="18" moveSpeed="100" actType="102" entryX="0" entryY="0" angle="0" position="6155"/>
	<mission id="50" enemyId="100005" bulletID="5" camType="1" moveType="17" moveSpeed="100" actType="102" entryX="0" entryY="0" angle="0" position="6355"/>
	<mission id="51" enemyId="100005" bulletID="5" camType="1" moveType="18" moveSpeed="100" actType="102" entryX="0" entryY="0" angle="0" position="6355"/>
	<mission id="52" enemyId="100005" bulletID="5" camType="1" moveType="17" moveSpeed="100" actType="102" entryX="0" entryY="0" angle="0" position="6555"/>
	<mission id="53" enemyId="100005" bulletID="5" camType="1" moveType="18" moveSpeed="100" actType="102" entryX="0" entryY="0" angle="0" position="6555"/>
	<mission id="54" enemyId="100004" bulletID="7" camType="1" moveType="2" moveSpeed="200" actType="104" entryX="320" entryY="0" angle="270" position="6148"/>
	<mission id="55" enemyId="200002" bulletID="8" camType="2" moveType="1" moveSpeed="-1" actType="107" entryX="1080" entryY="540" angle="0" position="6500"/>
	<mission id="56" enemyId="100010" bulletID="7" camType="1" moveType="1" moveSpeed="120" actType="101" entryX="1280" entryY="360" angle="270" position="7484"/>
	<mission id="57" enemyId="100003" bulletID="5" camType="1" moveType="1" moveSpeed="120" actType="102" entryX="1280" entryY="360" angle="270" position="7670"/>
	<mission id="58" enemyId="100003" bulletID="5" camType="1" moveType="1" moveSpeed="120" actType="102" entryX="1280" entryY="240" angle="270" position="7750"/>
	<mission id="59" enemyId="100003" bulletID="5" camType="1" moveType="1" moveSpeed="120" actType="102" entryX="1280" entryY="480" angle="270" position="7750"/>
	<mission id="60" enemyId="100003" bulletID="5" camType="1" moveType="1" moveSpeed="120" actType="102" entryX="1280" entryY="120" angle="270" position="7830"/>
	<mission id="61" enemyId="100003" bulletID="5" camType="1" moveType="1" moveSpeed="120" actType="102" entryX="1280" entryY="600" angle="270" position="7830"/>
	<mission id="62" enemyId="100003" bulletID="5" camType="1" moveType="1" moveSpeed="120" actType="102" entryX="1280" entryY="360" angle="270" position="7970"/>
	<mission id="63" enemyId="100003" bulletID="5" camType="1" moveType="1" moveSpeed="120" actType="102" entryX="1280" entryY="240" angle="270" position="8050"/>
	<mission id="64" enemyId="100003" bulletID="5" camType="1" moveType="1" moveSpeed="120" actType="102" entryX="1280" entryY="480" angle="270" position="8050"/>
	<mission id="65" enemyId="100003" bulletID="5" camType="1" moveType="1" moveSpeed="120" actType="102" entryX="1280" entryY="120" angle="270" position="8130"/>
	<mission id="66" enemyId="100003" bulletID="5" camType="1" moveType="1" moveSpeed="120" actType="102" entryX="1280" entryY="600" angle="270" position="8130"/>
	<mission id="67" enemyId="100009" bulletID="3" camType="1" moveType="1" moveSpeed="60" actType="102" entryX="1280" entryY="180" angle="270" position="8670"/>
	<mission id="68" enemyId="100009" bulletID="3" camType="1" moveType="1" moveSpeed="60" actType="102" entryX="1280" entryY="540" angle="270" position="8670"/>
	<mission id="69" enemyId="100003" bulletID="5" camType="1" moveType="1" moveSpeed="500" actType="102" entryX="0" entryY="360" angle="90" position="9000"/>
	<mission id="70" enemyId="100003" bulletID="5" camType="1" moveType="1" moveSpeed="500" actType="102" entryX="0" entryY="240" angle="0" position="9000"/>
	<mission id="71" enemyId="100003" bulletID="5" camType="1" moveType="1" moveSpeed="500" actType="102" entryX="0" entryY="120" angle="0" position="9000"/>
	<mission id="72" enemyId="100003" bulletID="5" camType="1" moveType="1" moveSpeed="500" actType="102" entryX="0" entryY="480" angle="0" position="9000"/>
	<mission id="73" enemyId="100003" bulletID="5" camType="1" moveType="1" moveSpeed="500" actType="102" entryX="0" entryY="600" angle="0" position="9000"/>
	<mission id="74" enemyId="100009" bulletID="3" camType="1" moveType="1" moveSpeed="100" actType="102" entryX="1280" entryY="560" angle="315" position="9300"/>
	<mission id="75" enemyId="100009" bulletID="3" camType="1" moveType="1" moveSpeed="100" actType="102" entryX="1280" entryY="560" angle="225" position="9650"/>
	<mission id="76" enemyId="100005" bulletID="5" camType="1" moveType="2" moveSpeed="100" actType="102" entryX="0" entryY="0" angle="0" position="10300"/>
	<mission id="77" enemyId="100005" bulletID="5" camType="1" moveType="2" moveSpeed="100" actType="102" entryX="0" entryY="0" angle="0" position="10520"/>
	<mission id="78" enemyId="100005" bulletID="5" camType="1" moveType="2" moveSpeed="100" actType="102" entryX="0" entryY="0" angle="0" position="10740"/>
	<mission id="79" enemyId="100005" bulletID="5" camType="1" moveType="2" moveSpeed="100" actType="102" entryX="0" entryY="0" angle="0" position="10300"/>
	<mission id="80" enemyId="100005" bulletID="5" camType="1" moveType="2" moveSpeed="100" actType="102" entryX="0" entryY="0" angle="0" position="10520"/>
	<mission id="81" enemyId="100005" bulletID="5" camType="1" moveType="2" moveSpeed="100" actType="102" entryX="0" entryY="0" angle="0" position="10740"/>
	<mission id="82" enemyId="100004" bulletID="7" camType="1" moveType="7" moveSpeed="180" actType="102" entryX="0" entryY="0" angle="0" position="10300"/>
	<mission id="83" enemyId="100003" bulletID="5" camType="1" moveType="6" moveSpeed="180" actType="102" entryX="0" entryY="0" angle="0" position="10480"/>
	<mission id="84" enemyId="100003" bulletID="5" camType="1" moveType="7" moveSpeed="180" actType="102" entryX="0" entryY="0" angle="0" position="10660"/>
	<mission id="85" enemyId="100005" bulletID="5" camType="1" moveType="6" moveSpeed="180" actType="102" entryX="0" entryY="0" angle="0" position="10840"/>
	<mission id="86" enemyId="100006" bulletID="8" camType="1" moveType="1" moveSpeed="-1" actType="105" entryX="1280" entryY="610" angle="0" position="11500"/>
	<mission id="87" enemyId="100006" bulletID="8" camType="1" moveType="1" moveSpeed="-1" actType="105" entryX="1280" entryY="630" angle="0" position="11850"/>
	<mission id="88" enemyId="100006" bulletID="8" camType="1" moveType="1" moveSpeed="-1" actType="105" entryX="1280" entryY="566" angle="0" position="12270"/>
	<mission id="89" enemyId="100009" bulletID="3" camType="1" moveType="2" moveSpeed="600" actType="102" entryX="0" entryY="300" angle="90" position="12050"/>
	<mission id="90" enemyId="100008" bulletID="3" camType="1" moveType="1" moveSpeed="-1" actType="106" entryX="1280" entryY="200" angle="0" position="13121"/>
	<mission id="91" enemyId="100003" bulletID="5" camType="1" moveType="1" moveSpeed="300" actType="102" entryX="1280" entryY="150" angle="270" position="13090"/>
	<mission id="92" enemyId="100003" bulletID="5" camType="1" moveType="1" moveSpeed="300" actType="102" entryX="1280" entryY="150" angle="270" position="13170"/>
	<mission id="93" enemyId="100003" bulletID="5" camType="1" moveType="1" moveSpeed="300" actType="102" entryX="1280" entryY="150" angle="270" position="13250"/>
	<mission id="94" enemyId="100003" bulletID="5" camType="1" moveType="1" moveSpeed="300" actType="102" entryX="1280" entryY="150" angle="270" position="13330"/>
	<mission id="95" enemyId="100003" bulletID="5" camType="1" moveType="1" moveSpeed="300" actType="102" entryX="1280" entryY="150" angle="270" position="13410"/>
	<mission id="96" enemyId="100003" bulletID="5" camType="1" moveType="1" moveSpeed="300" actType="102" entryX="1280" entryY="150" angle="270" position="13490"/>
	<mission id="97" enemyId="100003" bulletID="5" camType="1" moveType="1" moveSpeed="300" actType="102" entryX="1280" entryY="150" angle="270" position="13570"/>
	<mission id="98" enemyId="100005" bulletID="5" camType="1" moveType="1" moveSpeed="300" actType="104" entryX="1280" entryY="150" angle="270" position="13650"/>
	<mission id="99" enemyId="100008" bulletID="3" camType="1" moveType="5" moveSpeed="-1" actType="106" entryX="1280" entryY="512" angle="0" position="14293"/>
	<mission id="100" enemyId="100008" bulletID="3" camType="1" moveType="1" moveSpeed="-1" actType="106" entryX="1280" entryY="525" angle="0" position="14510"/>
	<mission id="101" enemyId="100003" bulletID="5" camType="1" moveType="1" moveSpeed="60" actType="102" entryX="1280" entryY="200" angle="270" position="16491"/>
	<mission id="102" enemyId="100003" bulletID="5" camType="1" moveType="1" moveSpeed="60" actType="102" entryX="1280" entryY="600" angle="270" position="16491"/>
	<mission id="103" enemyId="100010" bulletID="7" camType="1" moveType="1" moveSpeed="120" actType="101" entryX="0" entryY="210" angle="90" position="16491"/>
	<mission id="104" enemyId="100010" bulletID="7" camType="1" moveType="1" moveSpeed="120" actType="101" entryX="0" entryY="360" angle="90" position="16491"/>
	<mission id="105" enemyId="100010" bulletID="7" camType="1" moveType="1" moveSpeed="120" actType="101" entryX="0" entryY="510" angle="90" position="16491"/>
	<mission id="106" enemyId="100003" bulletID="5" camType="1" moveType="1" moveSpeed="160" actType="102" entryX="1280" entryY="200" angle="270" position="17000"/>
	<mission id="107" enemyId="100003" bulletID="5" camType="1" moveType="1" moveSpeed="160" actType="102" entryX="1280" entryY="600" angle="270" position="17000"/>
	<mission id="108" enemyId="300002" bulletID="9" camType="3" moveType="1" moveSpeed="0" actType="107" entryX="300" entryY="480" angle="0" position="19000"/>
	<mission id="109" enemyId="100008" bulletID="3" camType="1" moveType="1" moveSpeed="-1" actType="106" entryX="1280" entryY="610" angle="0" position="1480"/>
	<mission id="109" enemyId="100008" bulletID="3" camType="1" moveType="1" moveSpeed="1280" actType="610" entryX="0" entryY="1480" angle="0" position="1680"/>
	<mission id="110" enemyId="100003" bulletID="7" camType="1" moveType="6" moveSpeed="1280" actType="320" entryX="0" entryY="1680" angle="0" position="1730"/>
	<mission id="111" enemyId="100003" bulletID="7" camType="1" moveType="7" moveSpeed="1280" actType="220" entryX="0" entryY="1730" angle="0" position="1779"/>
</Config>
