<?xml version="1.0" encoding="UTF-8"?>
<!-- 被2011 rel. 2 sp1 (seven) 使用XMLSpy vIBM编辑的 (http://www.altova.com) by -->
<!--
enemyID： 怪物表
bulletID:怪物子弹 表  0代表 无子弹攻击
camType:摄像机类型，1正常。2暂停。3上下颤抖 4 跟随怪物动作。屏幕位置相对固定。
moveType:移动类型，怪物运动轨迹

-->
<Config>
	<mission id="1" enemyId="100003" bulletID="5" camType="1" moveType="1" moveSpeed="120" actType="102" entryX="1280" entryY="400" angle="270" position="196"/>
	<mission id="2" enemyId="100003" bulletID="5" camType="1" moveType="6" moveSpeed="300" actType="102" entryX="0" entryY="0" angle="0" position="512"/>
	<mission id="3" enemyId="100003" bulletID="5" camType="1" moveType="7" moveSpeed="80" actType="102" entryX="0" entryY="0" angle="0" position="679"/>
	<mission id="4" enemyId="100008" bulletID="3" camType="1" moveType="1" moveSpeed="-1" actType="106" entryX="1280" entryY="591" angle="270" position="942"/>
	<mission id="5" enemyId="100004" bulletID="7" camType="1" moveType="8" moveSpeed="70" actType="102" entryX="0" entryY="0" angle="0" position="1180"/>
	<mission id="6" enemyId="100004" bulletID="7" camType="1" moveType="8" moveSpeed="70" actType="102" entryX="0" entryY="0" angle="0" position="1260"/>
	<mission id="7" enemyId="100004" bulletID="7" camType="1" moveType="8" moveSpeed="70" actType="102" entryX="0" entryY="0" angle="0" position="1340"/>
	<mission id="8" enemyId="100004" bulletID="7" camType="1" moveType="8" moveSpeed="70" actType="102" entryX="0" entryY="0" angle="0" position="1420"/>
	<mission id="9" enemyId="100004" bulletID="7" camType="1" moveType="8" moveSpeed="70" actType="102" entryX="0" entryY="0" angle="0" position="1500"/>
	<mission id="10" enemyId="100004" bulletID="7" camType="1" moveType="8" moveSpeed="70" actType="102" entryX="0" entryY="0" angle="0" position="1580"/>
	<mission id="11" enemyId="100004" bulletID="7" camType="1" moveType="8" moveSpeed="70" actType="102" entryX="0" entryY="0" angle="0" position="1660"/>
	<mission id="12" enemyId="100005" bulletID="5" camType="1" moveType="3" moveSpeed="130" actType="102" entryX="1280" entryY="329" angle="0" position="1291"/>
	<mission id="13" enemyId="100006" bulletID="8" camType="1" moveType="1" moveSpeed="-1" actType="105" entryX="1280" entryY="676" angle="270" position="1420"/>
	<mission id="14" enemyId="100005" bulletID="5" camType="1" moveType="2" moveSpeed="130" actType="102" entryX="0" entryY="78" angle="0" position="1608"/>
	<mission id="15" enemyId="100006" bulletID="8" camType="1" moveType="1" moveSpeed="-1" actType="105" entryX="1280" entryY="676" angle="270" position="1666"/>
	<mission id="16" enemyId="100005" bulletID="5" camType="1" moveType="2" moveSpeed="150" actType="102" entryX="1280" entryY="466" angle="0" position="1680"/>
	<mission id="17" enemyId="100005" bulletID="5" camType="1" moveType="2" moveSpeed="100" actType="102" entryX="1280" entryY="293" angle="0" position="1970"/>
	<mission id="18" enemyId="100003" bulletID="5" camType="1" moveType="11" moveSpeed="120" actType="102" entryX="0" entryY="0" angle="0" position="2111"/>
	<mission id="19" enemyId="100003" bulletID="5" camType="1" moveType="11" moveSpeed="120" actType="102" entryX="0" entryY="0" angle="0" position="2201"/>
	<mission id="20" enemyId="100003" bulletID="5" camType="1" moveType="11" moveSpeed="120" actType="102" entryX="0" entryY="0" angle="0" position="2291"/>
	<mission id="21" enemyId="100003" bulletID="5" camType="1" moveType="11" moveSpeed="120" actType="102" entryX="0" entryY="0" angle="0" position="2381"/>
	<mission id="22" enemyId="100003" bulletID="5" camType="1" moveType="11" moveSpeed="120" actType="102" entryX="0" entryY="0" angle="0" position="2471"/>
	<mission id="23" enemyId="100003" bulletID="5" camType="1" moveType="10" moveSpeed="120" actType="102" entryX="0" entryY="0" angle="0" position="2245"/>
	<mission id="24" enemyId="100003" bulletID="5" camType="1" moveType="10" moveSpeed="120" actType="102" entryX="0" entryY="0" angle="0" position="2335"/>
	<mission id="25" enemyId="100003" bulletID="5" camType="1" moveType="10" moveSpeed="120" actType="102" entryX="0" entryY="0" angle="0" position="2425"/>
	<mission id="26" enemyId="100003" bulletID="5" camType="1" moveType="10" moveSpeed="120" actType="102" entryX="0" entryY="0" angle="0" position="2515"/>
	<mission id="27" enemyId="100003" bulletID="5" camType="1" moveType="10" moveSpeed="120" actType="102" entryX="0" entryY="0" angle="0" position="2605"/>
	<mission id="28" enemyId="100009" bulletID="3" camType="1" moveType="1" moveSpeed="200" actType="102" entryX="1280" entryY="530" angle="270" position="2464"/>
	<mission id="29" enemyId="100009" bulletID="3" camType="1" moveType="1" moveSpeed="200" actType="102" entryX="1280" entryY="187" angle="270" position="2857"/>
	<mission id="30" enemyId="100009" bulletID="3" camType="1" moveType="1" moveSpeed="200" actType="102" entryX="1280" entryY="517" angle="270" position="3254"/>
	<mission id="31" enemyId="100003" bulletID="5" camType="1" moveType="12" moveSpeed="250" actType="102" entryX="0" entryY="0" angle="0" position="3709"/>
	<mission id="32" enemyId="100003" bulletID="5" camType="1" moveType="12" moveSpeed="250" actType="102" entryX="0" entryY="0" angle="0" position="3734"/>
	<mission id="33" enemyId="100003" bulletID="5" camType="1" moveType="12" moveSpeed="250" actType="102" entryX="0" entryY="0" angle="0" position="3759"/>
	<mission id="34" enemyId="100003" bulletID="5" camType="1" moveType="12" moveSpeed="250" actType="102" entryX="0" entryY="0" angle="0" position="3784"/>
	<mission id="35" enemyId="100003" bulletID="5" camType="1" moveType="12" moveSpeed="250" actType="102" entryX="0" entryY="0" angle="0" position="3809"/>
	<mission id="36" enemyId="100003" bulletID="5" camType="1" moveType="12" moveSpeed="250" actType="102" entryX="0" entryY="0" angle="0" position="3834"/>
	<mission id="37" enemyId="100003" bulletID="5" camType="1" moveType="12" moveSpeed="250" actType="102" entryX="0" entryY="0" angle="0" position="3859"/>
	<mission id="38" enemyId="100003" bulletID="5" camType="1" moveType="12" moveSpeed="250" actType="102" entryX="0" entryY="0" angle="0" position="3884"/>
	<mission id="39" enemyId="100003" bulletID="5" camType="1" moveType="12" moveSpeed="250" actType="102" entryX="0" entryY="0" angle="0" position="3909"/>
	<mission id="40" enemyId="100008" bulletID="3" camType="1" moveType="1" moveSpeed="-1" actType="106" entryX="1280" entryY="573" angle="270" position="3854"/>
	<mission id="41" enemyId="100004" bulletID="7" camType="1" moveType="18" moveSpeed="1200" actType="104" entryX="0" entryY="0" angle="0" position="3859"/>
	<mission id="42" enemyId="100008" bulletID="3" camType="1" moveType="1" moveSpeed="-1" actType="106" entryX="1280" entryY="672" angle="270" position="4122"/>
	<mission id="43" enemyId="100004" bulletID="7" camType="1" moveType="2" moveSpeed="120" actType="104" entryX="800" entryY="0" angle="0" position="4575"/>
	<mission id="44" enemyId="100005" bulletID="5" camType="1" moveType="17" moveSpeed="100" actType="102" entryX="0" entryY="0" angle="0" position="4475"/>
	<mission id="45" enemyId="100005" bulletID="5" camType="1" moveType="18" moveSpeed="100" actType="102" entryX="0" entryY="0" angle="0" position="4475"/>
	<mission id="46" enemyId="100005" bulletID="5" camType="1" moveType="17" moveSpeed="100" actType="102" entryX="0" entryY="0" angle="0" position="4675"/>
	<mission id="47" enemyId="100005" bulletID="5" camType="1" moveType="18" moveSpeed="100" actType="102" entryX="0" entryY="0" angle="0" position="4675"/>
	<mission id="48" enemyId="100005" bulletID="5" camType="1" moveType="17" moveSpeed="100" actType="102" entryX="0" entryY="0" angle="0" position="4875"/>
	<mission id="49" enemyId="100005" bulletID="5" camType="1" moveType="18" moveSpeed="100" actType="102" entryX="0" entryY="0" angle="0" position="4875"/>
	<mission id="50" enemyId="100005" bulletID="5" camType="1" moveType="17" moveSpeed="100" actType="102" entryX="0" entryY="0" angle="0" position="5075"/>
	<mission id="51" enemyId="100005" bulletID="5" camType="1" moveType="18" moveSpeed="100" actType="102" entryX="0" entryY="0" angle="0" position="5075"/>
	<mission id="52" enemyId="100005" bulletID="5" camType="1" moveType="17" moveSpeed="100" actType="102" entryX="0" entryY="0" angle="0" position="5275"/>
	<mission id="53" enemyId="100005" bulletID="5" camType="1" moveType="18" moveSpeed="100" actType="102" entryX="0" entryY="0" angle="0" position="5275"/>
	<mission id="54" enemyId="100004" bulletID="7" camType="1" moveType="2" moveSpeed="200" actType="104" entryX="320" entryY="0" angle="270" position="4868"/>
	<mission id="55" enemyId="200002" bulletID="8" camType="2" moveType="1" moveSpeed="-1" actType="107" entryX="1080" entryY="540" angle="0" position="5220"/>
	<mission id="56" enemyId="100010" bulletID="7" camType="1" moveType="1" moveSpeed="120" actType="101" entryX="1280" entryY="360" angle="270" position="6204"/>
	<mission id="57" enemyId="100003" bulletID="5" camType="1" moveType="1" moveSpeed="120" actType="102" entryX="1280" entryY="360" angle="270" position="6390"/>
	<mission id="58" enemyId="100003" bulletID="5" camType="1" moveType="1" moveSpeed="120" actType="102" entryX="1280" entryY="240" angle="270" position="6470"/>
	<mission id="59" enemyId="100003" bulletID="5" camType="1" moveType="1" moveSpeed="120" actType="102" entryX="1280" entryY="480" angle="270" position="6470"/>
	<mission id="60" enemyId="100003" bulletID="5" camType="1" moveType="1" moveSpeed="120" actType="102" entryX="1280" entryY="120" angle="270" position="6550"/>
	<mission id="61" enemyId="100003" bulletID="5" camType="1" moveType="1" moveSpeed="120" actType="102" entryX="1280" entryY="600" angle="270" position="6550"/>
	<mission id="62" enemyId="100003" bulletID="5" camType="1" moveType="1" moveSpeed="120" actType="102" entryX="1280" entryY="360" angle="270" position="6690"/>
	<mission id="63" enemyId="100003" bulletID="5" camType="1" moveType="1" moveSpeed="120" actType="102" entryX="1280" entryY="240" angle="270" position="6770"/>
	<mission id="64" enemyId="100003" bulletID="5" camType="1" moveType="1" moveSpeed="120" actType="102" entryX="1280" entryY="480" angle="270" position="6770"/>
	<mission id="65" enemyId="100003" bulletID="5" camType="1" moveType="1" moveSpeed="120" actType="102" entryX="1280" entryY="120" angle="270" position="6850"/>
	<mission id="66" enemyId="100003" bulletID="5" camType="1" moveType="1" moveSpeed="120" actType="102" entryX="1280" entryY="600" angle="270" position="6850"/>
	<mission id="67" enemyId="100009" bulletID="3" camType="1" moveType="1" moveSpeed="60" actType="102" entryX="1280" entryY="180" angle="270" position="7390"/>
	<mission id="68" enemyId="100009" bulletID="3" camType="1" moveType="1" moveSpeed="60" actType="102" entryX="1280" entryY="540" angle="270" position="7390"/>
	<mission id="69" enemyId="100003" bulletID="5" camType="1" moveType="1" moveSpeed="500" actType="102" entryX="0" entryY="360" angle="90" position="7720"/>
	<mission id="70" enemyId="100003" bulletID="5" camType="1" moveType="1" moveSpeed="500" actType="102" entryX="0" entryY="240" angle="0" position="7720"/>
	<mission id="71" enemyId="100003" bulletID="5" camType="1" moveType="1" moveSpeed="500" actType="102" entryX="0" entryY="120" angle="0" position="7720"/>
	<mission id="72" enemyId="100003" bulletID="5" camType="1" moveType="1" moveSpeed="500" actType="102" entryX="0" entryY="480" angle="0" position="7720"/>
	<mission id="73" enemyId="100003" bulletID="5" camType="1" moveType="1" moveSpeed="500" actType="102" entryX="0" entryY="600" angle="0" position="7720"/>
	<mission id="74" enemyId="100009" bulletID="3" camType="1" moveType="1" moveSpeed="100" actType="102" entryX="1280" entryY="560" angle="315" position="8020"/>
	<mission id="75" enemyId="100009" bulletID="3" camType="1" moveType="1" moveSpeed="100" actType="102" entryX="1280" entryY="560" angle="225" position="8370"/>
	<mission id="76" enemyId="100005" bulletID="5" camType="1" moveType="2" moveSpeed="100" actType="102" entryX="0" entryY="0" angle="0" position="9020"/>
	<mission id="77" enemyId="100005" bulletID="5" camType="1" moveType="2" moveSpeed="100" actType="102" entryX="0" entryY="0" angle="0" position="9240"/>
	<mission id="78" enemyId="100005" bulletID="5" camType="1" moveType="2" moveSpeed="100" actType="102" entryX="0" entryY="0" angle="0" position="9460"/>
	<mission id="79" enemyId="100005" bulletID="5" camType="1" moveType="2" moveSpeed="100" actType="102" entryX="0" entryY="0" angle="0" position="9020"/>
	<mission id="80" enemyId="100005" bulletID="5" camType="1" moveType="2" moveSpeed="100" actType="102" entryX="0" entryY="0" angle="0" position="9240"/>
	<mission id="81" enemyId="100005" bulletID="5" camType="1" moveType="2" moveSpeed="100" actType="102" entryX="0" entryY="0" angle="0" position="9460"/>
	<mission id="82" enemyId="100004" bulletID="7" camType="1" moveType="7" moveSpeed="180" actType="102" entryX="0" entryY="0" angle="0" position="9020"/>
	<mission id="83" enemyId="100003" bulletID="5" camType="1" moveType="6" moveSpeed="180" actType="102" entryX="0" entryY="0" angle="0" position="9200"/>
	<mission id="84" enemyId="100003" bulletID="5" camType="1" moveType="7" moveSpeed="180" actType="102" entryX="0" entryY="0" angle="0" position="9380"/>
	<mission id="85" enemyId="100005" bulletID="5" camType="1" moveType="6" moveSpeed="180" actType="102" entryX="0" entryY="0" angle="0" position="9560"/>
	<mission id="86" enemyId="100006" bulletID="8" camType="1" moveType="1" moveSpeed="-1" actType="105" entryX="1280" entryY="610" angle="0" position="10220"/>
	<mission id="87" enemyId="100006" bulletID="8" camType="1" moveType="1" moveSpeed="-1" actType="105" entryX="1280" entryY="630" angle="0" position="10570"/>
	<mission id="88" enemyId="100006" bulletID="8" camType="1" moveType="1" moveSpeed="-1" actType="105" entryX="1280" entryY="566" angle="0" position="10990"/>
	<mission id="89" enemyId="100009" bulletID="3" camType="1" moveType="2" moveSpeed="600" actType="102" entryX="0" entryY="300" angle="90" position="10770"/>
	<mission id="90" enemyId="100008" bulletID="3" camType="1" moveType="1" moveSpeed="-1" actType="106" entryX="1280" entryY="200" angle="0" position="11841"/>
	<mission id="91" enemyId="100003" bulletID="5" camType="1" moveType="1" moveSpeed="300" actType="102" entryX="1280" entryY="150" angle="270" position="11810"/>
	<mission id="92" enemyId="100003" bulletID="5" camType="1" moveType="1" moveSpeed="300" actType="102" entryX="1280" entryY="150" angle="270" position="11890"/>
	<mission id="93" enemyId="100003" bulletID="5" camType="1" moveType="1" moveSpeed="300" actType="102" entryX="1280" entryY="150" angle="270" position="11970"/>
	<mission id="94" enemyId="100003" bulletID="5" camType="1" moveType="1" moveSpeed="300" actType="102" entryX="1280" entryY="150" angle="270" position="12050"/>
	<mission id="95" enemyId="100003" bulletID="5" camType="1" moveType="1" moveSpeed="300" actType="102" entryX="1280" entryY="150" angle="270" position="12130"/>
	<mission id="96" enemyId="100003" bulletID="5" camType="1" moveType="1" moveSpeed="300" actType="102" entryX="1280" entryY="150" angle="270" position="12210"/>
	<mission id="97" enemyId="100003" bulletID="5" camType="1" moveType="1" moveSpeed="300" actType="102" entryX="1280" entryY="150" angle="270" position="12290"/>
	<mission id="98" enemyId="100005" bulletID="5" camType="1" moveType="1" moveSpeed="300" actType="104" entryX="1280" entryY="150" angle="270" position="12370"/>
	<mission id="99" enemyId="100008" bulletID="3" camType="1" moveType="5" moveSpeed="-1" actType="106" entryX="1280" entryY="512" angle="0" position="13013"/>
	<mission id="100" enemyId="100008" bulletID="3" camType="1" moveType="1" moveSpeed="-1" actType="106" entryX="1280" entryY="525" angle="0" position="13230"/>
	<mission id="101" enemyId="100003" bulletID="5" camType="1" moveType="1" moveSpeed="60" actType="102" entryX="1280" entryY="200" angle="270" position="15211"/>
	<mission id="102" enemyId="100003" bulletID="5" camType="1" moveType="1" moveSpeed="60" actType="102" entryX="1280" entryY="600" angle="270" position="15211"/>
	<mission id="103" enemyId="100010" bulletID="7" camType="1" moveType="1" moveSpeed="200" actType="101" entryX="0" entryY="210" angle="90" position="15211"/>
	<mission id="104" enemyId="100010" bulletID="7" camType="1" moveType="1" moveSpeed="200" actType="101" entryX="0" entryY="360" angle="90" position="15211"/>
	<mission id="105" enemyId="100010" bulletID="7" camType="1" moveType="5" moveSpeed="200" actType="101" entryX="0" entryY="510" angle="90" position="15211"/>
	<mission id="106" enemyId="100003" bulletID="5" camType="1" moveType="1" moveSpeed="160" actType="102" entryX="1280" entryY="200" angle="270" position="15720"/>
	<mission id="107" enemyId="100003" bulletID="5" camType="1" moveType="1" moveSpeed="160" actType="102" entryX="1280" entryY="600" angle="270" position="15720"/>
	<mission id="108" enemyId="300002" bulletID="9" camType="3" moveType="1" moveSpeed="0" actType="107" entryX="250" entryY="400" angle="0" position="17720"/>
	<mission id="109" enemyId="100008" bulletID="3" camType="1" moveType="1" moveSpeed="-1" actType="106" entryX="1280" entryY="610" angle="0"/>
</Config>
